Ranveer Dominguez,Cello,881,607,21-Apr-20,,,,,22-Mar-20
Frances Wormald,Trumpet,716,1043,09-Oct-20,,,,,09-Sep-20
Billie-Jo Barrow,Flute,994,665,22-Nov-20,,,,,23-Oct-20
Vladimir Spears,Clarinet,721,653,16-Sep-20,,,,,17-Aug-20
Osian Lees,Trumpet,816,1041,24-Jun-20,,,,,25-May-20
Nela Bernal,Piano,596,911,10-Sep-20,,,,,11-Aug-20
Tessa Goddard,Cello,615,791,09-Nov-20,,,,,10-Oct-20
Bradleigh Zuniga,Piano,790,505,23-Jul-20,,,,,23-Jun-20
Evie-Grace Devine,Clarinet,620,952,29-Sep-20,,,,,30-Aug-20
Khadeeja Haas,Cello,909,905,27-Jun-20,,,,,28-May-20
Beauden Blake,Clarinet,733,549,02-Jul-20,,,,,02-Jun-20
Suman Velez,Flute,724,566,10-May-20,,,,,10-Apr-20
Isabella-Rose Philip,Cello,971,869,28-Apr-20,,,,,29-Mar-20
Tonisha Gibbons,Trumpet,601,1167,29-Sep-20,,,,,30-Aug-20
Dominick Hull,Trumpet,948,520,25-Apr-20,,,,,26-Mar-20
Sadiyah Henderson,Harp,620,949,26-Apr-20,,,,,27-Mar-20
Lisa-Marie Singh,Clarinet,954,663,30-Nov-20,,,,,31-Oct-20
Adeline Mora,Piano,572,873,01-Feb-20,,,,,02-Jan-20
Rhian Yoder,Violin,589,808,02-Sep-20,,,,,03-Aug-20
Remy Galloway,Drums,964,1034,24-Sep-20,,,,,25-Aug-20
Tess Hurst,Clarinet,523,1171,15-May-20,,,,,15-Apr-20
Zara Neale,Guitar,652,698,22-Dec-20,,,,,22-Nov-20
Mali Conrad,Cello,936,581,25-Sep-20,,,,,26-Aug-20
Shakira Ford,Guitar,765,646,04-Aug-20,,,,,05-Jul-20
Tommy-Lee Schofield,Guitar,818,762,20-Jul-20,,,,,20-Jun-20
Rowena Carroll,Harp,939,747,21-Nov-20,,,,,22-Oct-20
Adyan Bloggs,Drums,507,1085,02-May-20,,,,,02-Apr-20
Gabriela Booth,Drums,823,893,27-Nov-20,,,,,28-Oct-20
Cathal Brady,Trumpet,971,834,22-Jun-20,,,,,23-May-20
Cristian Medina,Flute,850,516,26-Apr-20,,,,,27-Mar-20
Nora Arroyo,Flute,670,678,18-Apr-20,,,,,19-Mar-20
Julia Adkins,Drums,532,765,24-Jul-20,,,,,24-Jun-20
Miguel Oneal,Harp,522,903,20-Sep-20,,,,,21-Aug-20
Pippa Goulding,Flute,740,518,08-Jul-20,,,,,08-Jun-20
Haidar Bates,Piano,520,683,07-Feb-20,,,,,08-Jan-20
Kaleb Escobar,Trumpet,740,1178,24-Mar-20,,,,,23-Feb-20
Olivia-Grace Melton,Cello,870,668,22-Mar-20,,,,,21-Feb-20
Oisin Prosser,Clarinet,805,527,22-Nov-20,,,,,23-Oct-20
Faheem Knowles,Cello,913,857,14-Dec-20,,,,,14-Nov-20
Lilly-Mai Quinn,Violin,628,507,22-Jul-20,,,,,22-Jun-20
Wesley Goldsmith,Cello,677,934,29-Feb-20,,,,,30-Jan-20
Alyssa Alfaro,Guitar,517,683,26-Jul-20,,,,,26-Jun-20
Sonnie Dorsey,Guitar,950,968,15-Feb-20,,,,,16-Jan-20
Kaan Ellwood,Clarinet,943,932,11-Oct-20,,,,,11-Sep-20
Eric Washington,Flute,569,1073,24-Jun-20,,,,,25-May-20
Roger Boyle,Guitar,713,661,06-Sep-20,,,,,07-Aug-20
Steffan Colon,Guitar,622,1004,14-Apr-20,,,,,15-Mar-20
Vikram Thorne,Flute,657,533,11-Mar-20,,,,,10-Feb-20
Justin Monaghan,Cello,936,868,21-Feb-20,,,,,22-Jan-20
Shae Sosa,Guitar,623,963,20-May-20,,,,,20-Apr-20
Santiago Manning,Flute,969,956,20-Sep-20,,,,,21-Aug-20
Saira Mays,Cello,956,933,01-May-20,,,,,01-Apr-20
Simone Rojas,Harp,925,998,08-Jun-20,,,,,09-May-20
Carrie-Ann Harvey,Guitar,671,1051,07-Feb-20,,,,,08-Jan-20
Layton Singleton,Clarinet,733,1063,25-May-20,,,,,25-Apr-20
Manpreet Whitmore,Violin,780,917,20-Dec-20,,,,,20-Nov-20
Fergus Vargas,Flute,801,1058,23-Mar-20,,,,,22-Feb-20
Enya Lee,Violin,933,631,01-Apr-20,,,,,02-Mar-20
Kristofer Gilmour,Trumpet,654,952,06-Feb-20,,,,,07-Jan-20
Mehdi Greene,Violin,595,741,04-Feb-20,,,,,05-Jan-20
Asim Stewart,Clarinet,796,600,01-Mar-20,,,,,31-Jan-20
Anais Weston,Guitar,939,920,06-Mar-20,,,,,05-Feb-20
Lylah Finch,Harp,710,712,30-Dec-20,,,,,30-Nov-20
Chanice May,Cello,544,902,16-May-20,,,,,16-Apr-20
Aamir East,Trumpet,720,524,07-Feb-20,,,,,08-Jan-20
Neave Mac,Violin,890,519,31-Oct-20,,,,,01-Oct-20
Keisha Hayward,Flute,556,1184,19-Jul-20,,,,,19-Jun-20
Yassin Cardenas,Guitar,507,693,03-Sep-20,,,,,04-Aug-20
Blane Blevins,Cello,920,1003,10-Sep-20,,,,,11-Aug-20
Lorna Joseph,Trumpet,539,986,12-Jun-20,,,,,13-May-20
Clementine Lester,Trumpet,921,1035,20-Aug-20,,,,,21-Jul-20
Marc Roberts,Trumpet,808,1008,04-Dec-20,,,,,04-Nov-20
Chiara Pitt,Trumpet,743,934,06-Sep-20,,,,,07-Aug-20
Robbie Bush,Piano,530,896,07-Jul-20,,,,,07-Jun-20
Haya Dawson,Drums,630,892,12-Apr-20,,,,,13-Mar-20
Kye Weber,Guitar,755,912,21-Jul-20,,,,,21-Jun-20
Franciszek Thatcher,Harp,897,729,11-May-20,,,,,11-Apr-20
Abdurahman Burn,Cello,501,1160,01-May-20,,,,,01-Apr-20
Lydia Piper,Guitar,687,535,20-Mar-20,,,,,19-Feb-20
Cari Holcomb,Piano,816,953,28-Sep-20,,,,,29-Aug-20
Mohammod Nicholson,Trumpet,637,659,06-Jun-20,,,,,07-May-20
Hamzah Dillon,Guitar,587,1031,30-Apr-20,,,,,31-Mar-20
Tilly Boyer,Cello,737,988,04-Sep-20,,,,,05-Aug-20
Usama Wilkins,Trumpet,604,870,06-Oct-20,,,,,06-Sep-20
Kirstie Sharpe,Piano,862,510,25-Apr-20,,,,,26-Mar-20
Benjamin Mcphee,Clarinet,572,563,10-May-20,,,,,10-Apr-20
Kaila Campbell,Drums,522,1137,24-Feb-20,,,,,25-Jan-20
Uzair Knapp,Drums,725,1148,24-Mar-20,,,,,23-Feb-20
Jenny Allen,Harp,693,1110,30-Oct-20,,,,,30-Sep-20
Devonte Foster,Piano,717,1068,02-Sep-20,,,,,03-Aug-20
Jasmin Yu,Cello,921,1134,03-Oct-20,,,,,03-Sep-20
Nikkita Cano,Harp,751,688,09-Nov-20,,,,,10-Oct-20
Ibrahim Cook,Clarinet,851,1105,13-Sep-20,,,,,14-Aug-20
Indi Britton,Drums,977,993,24-Aug-20,,,,,25-Jul-20
Elsie-May Ortega,Harp,589,911,28-Oct-20,,,,,28-Sep-20
Belle Townsend,Clarinet,742,540,10-Dec-20,,,,,10-Nov-20
Stefano Terrell,Drums,854,1090,05-Aug-20,,,,,06-Jul-20
Caine Hail,Harp,567,732,03-Jun-20,,,,,04-May-20
Tylor Haines,Violin,579,752,21-Apr-20,,,,,22-Mar-20
Celeste Mccabe,Harp,906,695,02-Feb-20,,,,,03-Jan-20
Annie Robinson,Harp,883,1187,16-May-20,,,,,16-Apr-20
Grover Beltran,Cello,583,882,22-Apr-20,,,,,23-Mar-20
Samad Donald,Trumpet,732,1082,11-Sep-20,,,,,12-Aug-20
Finnley Keith,Drums,862,692,08-Jul-20,,,,,08-Jun-20
Julie Moody,Harp,902,794,27-Feb-20,,,,,28-Jan-20
Yusha Plant,Harp,872,1035,26-Jul-20,,,,,26-Jun-20
Suraj Moses,Drums,580,617,12-Jun-20,,,,,13-May-20
Clarissa O'Gallagher,Cello,520,988,03-Feb-20,,,,,04-Jan-20
Masuma Hills,Drums,945,1141,02-Aug-20,,,,,03-Jul-20
Hajrah Weaver,Trumpet,708,1094,11-Jun-20,,,,,12-May-20
Alba Albert,Guitar,997,579,06-Mar-20,,,,,05-Feb-20
Stella Cash,Guitar,802,904,31-Jan-20,,,,,01-Jan-20
Brittney Goldsmith,Trumpet,851,760,23-Sep-20,,,,,24-Aug-20
Teegan Chang,Clarinet,564,554,02-Jul-20,,,,,02-Jun-20
Rikki Ryan,Guitar,917,920,22-Jun-20,,,,,23-May-20
Geraldine Gallegos,Guitar,816,514,16-Nov-20,,,,,17-Oct-20
Abbi Walter,Harp,644,747,13-Dec-20,,,,,13-Nov-20
Evelina Ingram,Flute,647,904,03-Aug-20,,,,,04-Jul-20
Donnell Munoz,Trumpet,846,766,02-Oct-20,,,,,02-Sep-20
Arley Lowry,Trumpet,653,634,09-Apr-20,,,,,10-Mar-20
Pooja Nichols,Clarinet,826,715,05-Sep-20,,,,,06-Aug-20
Rajveer Holder,Piano,673,543,15-Feb-20,,,,,16-Jan-20
Etta Cline,Flute,921,658,25-Apr-20,,,,,26-Mar-20
Eleasha Mackie,Guitar,816,1099,06-May-20,,,,,06-Apr-20
Jeffery Parkes,Violin,584,813,28-May-20,,,,,28-Apr-20
Abiha Carter,Guitar,834,502,04-Apr-20,,,,,05-Mar-20
Anthony Talbot,Clarinet,791,652,23-Oct-20,,,,,23-Sep-20
Sanjeev Wills,Flute,933,862,29-May-20,,,,,29-Apr-20
Sneha Pennington,Violin,669,1060,10-Feb-20,,,,,11-Jan-20
Landon Charlton,Trumpet,997,918,06-Dec-20,,,,,06-Nov-20
Asim Powers,Drums,898,701,15-Dec-20,,,,,15-Nov-20
Darius Mills,Violin,894,1044,06-Feb-20,,,,,07-Jan-20
Ebonie Bull,Flute,717,989,26-May-20,,,,,26-Apr-20
Rianne Barton,Cello,538,1130,06-Oct-20,,,,,06-Sep-20
Rico Chamberlain,Piano,947,768,08-Jul-20,,,,,08-Jun-20
Rehan Bird,Clarinet,959,655,16-Jun-20,,,,,17-May-20
Fahad Garrett,Drums,989,758,07-Jun-20,,,,,08-May-20
Joseff Huynh,Drums,981,675,11-Nov-20,,,,,12-Oct-20
Cain Newman,Violin,691,508,07-Jul-20,,,,,07-Jun-20
Alec Mcgregor,Trumpet,863,1134,19-Jul-20,,,,,19-Jun-20
Seamus Wardle,Cello,574,518,14-May-20,,,,,14-Apr-20
Usama Bernard,Trumpet,724,1166,21-Nov-20,,,,,22-Oct-20
Hari Burgess,Harp,929,988,31-Dec-20,,,,,01-Dec-20
Ieuan Hulme,Cello,528,750,01-Nov-20,,,,,02-Oct-20
Lili Quinn,Guitar,852,600,05-Jul-20,,,,,05-Jun-20
Yannis Corrigan,Flute,559,888,06-May-20,,,,,06-Apr-20
Brandy Gill,Trumpet,850,971,02-Sep-20,,,,,03-Aug-20
Oliwier Vu,Cello,578,1161,26-Feb-20,,,,,27-Jan-20
Layla-Rose Greenaway,Guitar,955,795,26-Sep-20,,,,,27-Aug-20
Bert Stacey,Violin,907,1058,21-Sep-20,,,,,22-Aug-20
Lewis Morris,Flute,571,924,06-Apr-20,,,,,07-Mar-20
Amelie Sullivan,Trumpet,707,835,06-Apr-20,,,,,07-Mar-20
Jaheim Talley,Guitar,571,662,15-Aug-20,,,,,16-Jul-20
Kaidan Mcloughlin,Drums,950,989,05-Sep-20,,,,,06-Aug-20
Efe Fraser,Guitar,574,609,17-Mar-20,,,,,16-Feb-20
Adem Hamilton,Violin,938,636,08-Feb-20,,,,,09-Jan-20
Lynden Timms,Guitar,886,1008,07-May-20,,,,,07-Apr-20
Eesa Holding,Flute,568,758,01-Dec-20,,,,,01-Nov-20
Maisy Hubbard,Trumpet,723,1080,09-Apr-20,,,,,10-Mar-20
Syed Cano,Harp,512,581,08-Sep-20,,,,,09-Aug-20
Hadley Kumar,Drums,642,1084,20-Oct-20,,,,,20-Sep-20
Zayyan Lovell,Violin,748,1175,31-Dec-20,,,,,01-Dec-20
Rojin Duke,Trumpet,593,887,16-Aug-20,,,,,17-Jul-20
Freddie Neale,Violin,776,617,06-Dec-20,,,,,06-Nov-20
Alberto Shea,Cello,919,919,19-Aug-20,,,,,20-Jul-20
Blossom Bryant,Trumpet,652,548,18-Nov-20,,,,,19-Oct-20
Ada Mccarthy,Clarinet,882,1086,12-Jun-20,,,,,13-May-20
Kaan Ball,Harp,874,595,15-Dec-20,,,,,15-Nov-20
Nikki Jones,Piano,585,761,03-Sep-20,,,,,04-Aug-20
Ralph Houston,Drums,717,886,22-Jun-20,,,,,23-May-20
Mila Preston,Guitar,625,953,31-May-20,,,,,01-May-20
Asma Dominguez,Violin,823,895,25-Jun-20,,,,,26-May-20
Nettie Sheldon,Clarinet,772,880,29-Oct-20,,,,,29-Sep-20
Anum Sharpe,Trumpet,727,998,22-Sep-20,,,,,23-Aug-20
Juanita Adam,Drums,817,1037,21-Jul-20,,,,,21-Jun-20
Shelby Mill,Guitar,819,944,24-Oct-20,,,,,24-Sep-20
Esmay Collins,Trumpet,560,1103,01-Oct-20,,,,,01-Sep-20
Sabiha Hogg,Drums,629,1052,14-Jun-20,,,,,15-May-20
Farzana Fenton,Harp,612,965,03-Aug-20,,,,,04-Jul-20
Asif Andrews,Clarinet,884,644,26-Dec-20,,,,,26-Nov-20
Kayan Turnbull,Cello,911,1024,16-Jul-20,,,,,16-Jun-20
Ashton Matthams,Trumpet,520,693,07-Jun-20,,,,,08-May-20
Abdurahman Salgado,Cello,974,1106,23-Jun-20,,,,,24-May-20
Kush Moore,Trumpet,887,687,26-Feb-20,,,,,27-Jan-20
Sannah Hibbert,Clarinet,502,680,10-Jun-20,,,,,11-May-20
Amiyah Potts,Cello,550,1136,25-Mar-20,,,,,24-Feb-20
Matei Hendrix,Piano,878,1178,09-Nov-20,,,,,10-Oct-20
Eboni Fischer,Trumpet,847,996,19-Aug-20,,,,,20-Jul-20
Ava-Mai Mccall,Guitar,737,672,25-Feb-20,,,,,26-Jan-20
Teo Villalobos,Clarinet,842,778,15-Mar-20,,,,,14-Feb-20
Jerome Yang,Clarinet,943,1122,25-Aug-20,,,,,26-Jul-20
Ravi Escobar,Trumpet,863,869,31-Jan-20,,,,,01-Jan-20
Kyla Mckee,Trumpet,725,1013,16-Aug-20,,,,,17-Jul-20
Elias Wagner,Harp,941,574,11-Mar-20,,,,,10-Feb-20
Abi Lindsay,Violin,878,1149,07-Aug-20,,,,,08-Jul-20
Firat Santana,Flute,747,789,19-Feb-20,,,,,20-Jan-20
Erik Frey,Flute,573,835,22-Nov-20,,,,,23-Oct-20
Brendon Ferrell,Flute,717,594,31-Mar-20,,,,,01-Mar-20
Karter Valencia,Violin,736,594,15-Jul-20,,,,,15-Jun-20
Bernice Humphreys,Drums,996,966,07-Oct-20,,,,,07-Sep-20
Rojin Whiteley,Drums,783,603,06-Aug-20,,,,,07-Jul-20
Talitha Hudson,Drums,688,734,07-May-20,,,,,07-Apr-20
Marni Spears,Harp,748,546,06-Feb-20,,,,,07-Jan-20
Penelope Clayton,Guitar,613,908,03-Mar-20,,,,,02-Feb-20
Chloe-Ann Bowes,Drums,646,1195,20-Dec-20,,,,,20-Nov-20
Jon-Paul Mackay,Violin,831,1085,07-Feb-20,,,,,08-Jan-20
Arnav Hubbard,Clarinet,501,632,05-Mar-20,,,,,04-Feb-20
Cosmo Kouma,Violin,991,739,26-Mar-20,,,,,25-Feb-20
Megan Browne,Flute,751,508,05-Feb-20,,,,,06-Jan-20
Brax Evans,Cello,958,573,04-Apr-20,,,,,05-Mar-20
Bella Chan,Trumpet,814,905,15-Sep-20,,,,,16-Aug-20
Roan Bernal,Piano,602,599,15-Aug-20,,,,,16-Jul-20
Subhaan Ortega,Guitar,830,953,31-May-20,,,,,01-May-20
Anja Pike,Guitar,997,551,24-Jul-20,,,,,24-Jun-20
Delilah Allen,Piano,552,1112,21-Aug-20,,,,,22-Jul-20
Luci Barlow,Cello,602,799,15-Nov-20,,,,,16-Oct-20
Sanaya Camacho,Violin,813,999,01-Sep-20,,,,,02-Aug-20
Leena Gordon,Flute,588,670,17-Sep-20,,,,,18-Aug-20
Zayden Blackburn,Trumpet,733,773,20-Jul-20,,,,,20-Jun-20
Dawson Acosta,Trumpet,876,981,11-Jul-20,,,,,11-Jun-20
Zaki Delarosa,Guitar,648,1114,20-Sep-20,,,,,21-Aug-20
Charmaine Case,Flute,916,1008,17-Nov-20,,,,,18-Oct-20
Carley Villarreal,Flute,620,715,16-Mar-20,,,,,15-Feb-20
Rhian Hayden,Harp,958,754,11-Apr-20,,,,,12-Mar-20
Rueben Serrano,Piano,752,1056,14-Feb-20,,,,,15-Jan-20
Chelsy Sharples,Piano,629,1014,11-Nov-20,,,,,12-Oct-20
Karla Phelps,Flute,579,1077,26-Apr-20,,,,,27-Mar-20
Talha Cain,Cello,589,622,27-Nov-20,,,,,28-Oct-20
Tara Grimes,Flute,709,801,14-May-20,,,,,14-Apr-20
Kamran Reyes,Flute,752,659,01-Feb-20,,,,,02-Jan-20
Lizzie Grey,Cello,565,961,31-Aug-20,,,,,01-Aug-20
Harlen Houston,Flute,768,605,04-Dec-20,,,,,04-Nov-20
Bea Allman,Cello,641,898,30-Oct-20,,,,,30-Sep-20
Onur Partridge,Cello,578,1091,29-Nov-20,,,,,30-Oct-20
Kuba May,Drums,543,1077,24-Mar-20,,,,,23-Feb-20
Kiya Simons,Piano,581,1198,05-Dec-20,,,,,05-Nov-20
Keegan Rangel,Piano,992,556,24-Dec-20,,,,,24-Nov-20
Krishan Bishop,Clarinet,705,626,23-Dec-20,,,,,23-Nov-20
Anam Juarez,Cello,775,946,20-Jun-20,,,,,21-May-20
Anaya Murphy,Cello,998,1090,04-Aug-20,,,,,05-Jul-20
Taiba Thomas,Harp,971,843,25-May-20,,,,,25-Apr-20
Rhianna Vincent,Violin,999,823,02-Aug-20,,,,,03-Jul-20
Kaylum Bate,Piano,755,610,13-Dec-20,,,,,13-Nov-20
Hamza O'Brien,Flute,732,793,22-Nov-20,,,,,23-Oct-20
Curtis Collier,Violin,621,961,14-Jun-20,,,,,15-May-20
Neel Peacock,Clarinet,942,958,29-Aug-20,,,,,30-Jul-20
Nishat Pearce,Guitar,997,1023,15-Jun-20,,,,,16-May-20
Jordon Guzman,Piano,936,1004,10-Nov-20,,,,,11-Oct-20
Jaylen James,Drums,721,823,12-Sep-20,,,,,13-Aug-20
Varun Love,Drums,860,827,25-Aug-20,,,,,26-Jul-20
Kaila Farmer,Violin,909,656,19-Sep-20,,,,,20-Aug-20
Sacha Salter,Cello,816,981,05-Dec-20,,,,,05-Nov-20
Lexi-Mai Battle,Violin,788,702,09-Mar-20,,,,,08-Feb-20
Avleen Lake,Trumpet,930,612,01-Oct-20,,,,,01-Sep-20
Guy Dodson,Cello,759,805,19-Sep-20,,,,,20-Aug-20
Aida Wharton,Flute,778,987,07-Oct-20,,,,,07-Sep-20
Mark Hussain,Flute,970,644,17-Mar-20,,,,,16-Feb-20
Oskar Archer,Cello,871,878,24-Nov-20,,,,,25-Oct-20
Donna Millar,Cello,737,933,16-Apr-20,,,,,17-Mar-20
Malaki Hook,Violin,577,707,01-Dec-20,,,,,01-Nov-20
Akeel Mackenzie,Guitar,700,692,31-Jan-20,,,,,01-Jan-20
Klay Branch,Clarinet,658,536,22-Dec-20,,,,,22-Nov-20
Ilayda Schmidt,Drums,966,1070,09-Mar-20,,,,,08-Feb-20
Scarlett Colon,Trumpet,977,854,29-Mar-20,,,,,28-Feb-20
Vivek Snider,Violin,899,928,03-Jul-20,,,,,03-Jun-20
Aliyah Carney,Flute,816,645,15-Mar-20,,,,,14-Feb-20
Ahmed Mahoney,Cello,813,844,28-Jul-20,,,,,28-Jun-20
Alya Mccormack,Clarinet,742,955,13-Sep-20,,,,,14-Aug-20
Momina Hobbs,Violin,718,580,26-Jun-20,,,,,27-May-20
Zeeshan Moyer,Cello,576,827,19-Mar-20,,,,,18-Feb-20
Kasim Kline,Violin,663,1099,04-Sep-20,,,,,05-Aug-20
Opal Ferguson,Flute,511,998,13-Jun-20,,,,,14-May-20
Honey Parker,Flute,790,739,26-Mar-20,,,,,25-Feb-20
Toyah Stott,Guitar,576,970,08-Apr-20,,,,,09-Mar-20
Hester Watts,Clarinet,947,1092,20-Sep-20,,,,,21-Aug-20
Wasim Olson,Clarinet,599,1003,01-Mar-20,,,,,31-Jan-20
Kwabena Mcgill,Trumpet,549,1129,16-Mar-20,,,,,15-Feb-20
Mari Whitaker,Guitar,571,663,10-Mar-20,,,,,09-Feb-20
Asif Wyatt,Harp,678,1033,01-Oct-20,,,,,01-Sep-20
Alba Decker,Harp,730,842,25-Aug-20,,,,,26-Jul-20
Anabia Smart,Harp,520,869,09-Jul-20,,,,,09-Jun-20
Leen Connelly,Clarinet,902,880,17-Jul-20,,,,,17-Jun-20
Sahib Odling,Flute,685,1137,18-Aug-20,,,,,19-Jul-20
Eamonn Zimmerman,Trumpet,757,828,10-May-20,,,,,10-Apr-20
Aaron Cook,Violin,821,639,15-Sep-20,,,,,16-Aug-20
Vladimir Watson,Guitar,981,615,09-Apr-20,,,,,10-Mar-20
Alessio Strickland,Harp,669,538,10-Jul-20,,,,,10-Jun-20
Iwan Kay,Piano,910,1064,23-Jul-20,,,,,23-Jun-20
Mathilde Lucas,Flute,849,784,15-Feb-20,,,,,16-Jan-20
Dotty Burks,Harp,845,763,28-Jul-20,,,,,28-Jun-20
Dainton Broadhurst,Flute,531,1054,27-Sep-20,,,,,28-Aug-20
Aishah Mcneill,Clarinet,721,505,06-Mar-20,,,,,05-Feb-20
Raheel Bone,Cello,691,678,25-Feb-20,,,,,26-Jan-20
Archer Coombes,Trumpet,974,887,27-Dec-20,,,,,27-Nov-20
Philippa Benitez,Violin,809,773,07-Nov-20,,,,,08-Oct-20
Donnie Wiggins,Guitar,727,637,21-Jun-20,,,,,22-May-20
Ayoub Mcmahon,Flute,909,1139,02-Dec-20,,,,,02-Nov-20
Nia Coles,Drums,593,783,03-Oct-20,,,,,03-Sep-20
Chloe Benton,Clarinet,812,899,23-Apr-20,,,,,24-Mar-20
Mariyah Frey,Trumpet,824,659,28-Nov-20,,,,,29-Oct-20
Cristina Burt,Guitar,803,525,07-Feb-20,,,,,08-Jan-20
Carolyn Espinosa,Harp,686,998,16-Aug-20,,,,,17-Jul-20
Cheryl Sullivan,Drums,776,618,30-Jul-20,,,,,30-Jun-20
Ewan Hogan,Clarinet,943,1012,23-Sep-20,,,,,24-Aug-20
Denise Drew,Violin,868,949,20-Nov-20,,,,,21-Oct-20
Maddox Shea,Cello,777,1006,28-Jul-20,,,,,28-Jun-20
Nikola Horton,Violin,889,1179,29-Sep-20,,,,,30-Aug-20
Amaan Donnelly,Harp,862,747,13-Feb-20,,,,,14-Jan-20
Sohail Bains,Cello,829,524,22-Jun-20,,,,,23-May-20
Carwyn Coulson,Guitar,611,824,10-Mar-20,,,,,09-Feb-20
Tyler-James Coombes,Piano,756,724,24-Jul-20,,,,,24-Jun-20
Brody Wilde,Harp,826,634,15-Jun-20,,,,,16-May-20
Sumaiyah Macleod,Flute,563,669,17-Sep-20,,,,,18-Aug-20
Keegan Mathews,Harp,994,855,28-Mar-20,,,,,27-Feb-20
Shaun Hunter,Trumpet,858,686,13-Aug-20,,,,,14-Jul-20
Coral Bourne,Clarinet,634,1134,07-Apr-20,,,,,08-Mar-20
Aayan Frame,Guitar,887,527,22-Nov-20,,,,,23-Oct-20
Ibrahim Sinclair,Harp,801,907,04-Apr-20,,,,,05-Mar-20
Patrick Pitts,Clarinet,602,1084,31-Dec-20,,,,,01-Dec-20
Aasiyah Scott,Violin,653,573,30-May-20,,,,,30-Apr-20
Kenzo Paterson,Piano,563,1178,12-Sep-20,,,,,13-Aug-20
Evie-Rose Watson,Cello,692,701,17-Jul-20,,,,,17-Jun-20
Giorgia Cano,Drums,709,1008,07-May-20,,,,,07-Apr-20
Naya Burns,Trumpet,813,1101,25-Apr-20,,,,,26-Mar-20
Marwah Aguirre,Cello,944,569,02-Apr-20,,,,,03-Mar-20
Ella Kerr,Cello,844,815,06-Aug-20,,,,,07-Jul-20
Elisabeth Esparza,Flute,700,532,19-Sep-20,,,,,20-Aug-20
Tilly-Mae Graves,Flute,756,1004,28-Sep-20,,,,,29-Aug-20
Moshe Mendez,Violin,855,645,18-May-20,,,,,18-Apr-20
Alexie Faulkner,Drums,646,532,16-Sep-20,,,,,17-Aug-20
Ellis Byrd,Violin,700,976,30-Nov-20,,,,,31-Oct-20
Tanvir Bowman,Clarinet,646,1154,18-Jul-20,,,,,18-Jun-20
Virgil Mcneil,Cello,942,604,31-Dec-20,,,,,01-Dec-20
Tate Clayton,Cello,954,1109,15-Nov-20,,,,,16-Oct-20
Monet Nicholson,Clarinet,874,703,05-Aug-20,,,,,06-Jul-20
Matylda Rigby,Guitar,807,696,08-May-20,,,,,08-Apr-20
Troy Mason,Piano,686,602,27-Jul-20,,,,,27-Jun-20
Renesmee Gilliam,Trumpet,926,593,19-Feb-20,,,,,20-Jan-20
Annabell Mendoza,Piano,755,906,18-Feb-20,,,,,19-Jan-20
Krish Jeffery,Harp,793,940,22-Dec-20,,,,,22-Nov-20
Bartosz Ruiz,Cello,890,1110,13-Feb-20,,,,,14-Jan-20
Drew Compton,Trumpet,596,756,19-Jun-20,,,,,20-May-20
Britany Mcknight,Piano,802,1114,08-May-20,,,,,08-Apr-20
Kirsten Mccarthy,Harp,971,727,22-Jul-20,,,,,22-Jun-20
Veronica Tate,Harp,808,965,02-Apr-20,,,,,03-Mar-20
Latisha Lucero,Drums,971,537,21-Dec-20,,,,,21-Nov-20
Magdalena Simpson,Cello,670,810,11-May-20,,,,,11-Apr-20
Amber Yu,Clarinet,920,643,08-Nov-20,,,,,09-Oct-20
Leandro Bass,Violin,832,1041,18-Feb-20,,,,,19-Jan-20
Myra Hopper,Violin,984,1074,18-Jun-20,,,,,19-May-20
Luca Howard,Violin,707,578,06-Mar-20,,,,,05-Feb-20
Corrie Wormald,Piano,879,504,22-Oct-20,,,,,22-Sep-20
Jareth Akhtar,Piano,623,926,25-Jul-20,,,,,25-Jun-20
Aleah Alston,Drums,632,883,14-Jul-20,,,,,14-Jun-20
Rudy Mcdermott,Guitar,993,882,29-Sep-20,,,,,30-Aug-20
Tyreke Sierra,Flute,540,1175,03-May-20,,,,,03-Apr-20
Libbi Gomez,Violin,620,738,16-Aug-20,,,,,17-Jul-20
Kaira Knox,Harp,898,765,19-Jul-20,,,,,19-Jun-20
Nabeel Lovell,Trumpet,505,573,12-Dec-20,,,,,12-Nov-20
Jayda Phillips,Flute,664,630,15-Apr-20,,,,,16-Mar-20
Lorena Weston,Clarinet,883,983,15-Feb-20,,,,,16-Jan-20
Corben Bullock,Flute,588,1096,30-Nov-20,,,,,31-Oct-20
Abdurrahman Zimmerman,Cello,857,849,07-Mar-20,,,,,06-Feb-20
Cade Best,Clarinet,668,993,04-Dec-20,,,,,04-Nov-20
Finlay Draper,Violin,988,1126,08-Sep-20,,,,,09-Aug-20
Kyron Jarvis,Violin,509,640,19-May-20,,,,,19-Apr-20
Karina Rios,Violin,603,912,07-Feb-20,,,,,08-Jan-20
Pedro Wheatley,Piano,506,785,25-Mar-20,,,,,24-Feb-20
Dora Pena,Piano,807,819,04-Sep-20,,,,,05-Aug-20
Montell O'Doherty,Flute,797,1183,19-Mar-20,,,,,18-Feb-20
Amara Tyson,Violin,786,1006,31-Jul-20,,,,,01-Jul-20
Zishan Blake,Piano,531,1127,04-Feb-20,,,,,05-Jan-20
Korben Patel,Violin,866,1087,08-Apr-20,,,,,09-Mar-20
Vickie Chang,Cello,693,1013,04-Nov-20,,,,,05-Oct-20
Piotr Cooper,Cello,621,588,21-Oct-20,,,,,21-Sep-20
Nusaybah Puckett,Guitar,578,1179,15-Jun-20,,,,,16-May-20
Shantelle Lin,Harp,590,679,08-Nov-20,,,,,09-Oct-20
Mysha Davey,Clarinet,738,1190,09-Dec-20,,,,,09-Nov-20
Amelia-Grace Brett,Cello,694,639,26-Feb-20,,,,,27-Jan-20
Larissa Nieves,Cello,724,811,16-Aug-20,,,,,17-Jul-20
Michalina Battle,Drums,642,697,22-Nov-20,,,,,23-Oct-20
Kameron Olsen,Drums,875,763,25-Jul-20,,,,,25-Jun-20
Szymon Bautista,Trumpet,565,1046,21-Dec-20,,,,,21-Nov-20
Phillipa Mills,Guitar,936,693,01-Aug-20,,,,,02-Jul-20
Heather Ingram,Cello,695,757,21-Sep-20,,,,,22-Aug-20
Reginald Freeman,Flute,547,796,22-Oct-20,,,,,22-Sep-20
Shay May,Drums,943,1177,13-Sep-20,,,,,14-Aug-20
Jorgie Riley,Harp,574,723,13-Dec-20,,,,,13-Nov-20
Edwin Hills,Harp,651,839,25-Dec-20,,,,,25-Nov-20
Gemma Holding,Piano,722,902,29-May-20,,,,,29-Apr-20
Shuaib Tanner,Flute,523,783,24-Feb-20,,,,,25-Jan-20
Latoya Hughes,Guitar,800,939,31-Dec-20,,,,,01-Dec-20
Jemma Miller,Flute,966,926,10-Feb-20,,,,,11-Jan-20
Alara Hyde,Guitar,842,893,12-Apr-20,,,,,13-Mar-20
Philip Vasquez,Guitar,683,925,26-Oct-20,,,,,26-Sep-20
Allen Gordon,Cello,967,651,15-Dec-20,,,,,15-Nov-20
Cherry Redman,Clarinet,922,511,16-Nov-20,,,,,17-Oct-20
Harvie Robins,Cello,510,936,27-Oct-20,,,,,27-Sep-20
Ellen Leblanc,Violin,823,879,28-Feb-20,,,,,29-Jan-20
Kelan Moran,Violin,885,1072,12-Aug-20,,,,,13-Jul-20
Deon Barr,Guitar,966,668,31-Mar-20,,,,,01-Mar-20
Kester Burton,Guitar,741,627,06-May-20,,,,,06-Apr-20
Usaamah Glover,Guitar,983,988,23-Sep-20,,,,,24-Aug-20
Murray Henson,Drums,550,1087,25-Mar-20,,,,,24-Feb-20
Trystan Decker,Violin,998,523,24-Jun-20,,,,,25-May-20
Shoaib Findlay,Violin,850,801,03-Apr-20,,,,,04-Mar-20
Raj Patton,Piano,770,588,26-Dec-20,,,,,26-Nov-20
Lacey-Mai Maldonado,Cello,917,965,23-Sep-20,,,,,24-Aug-20
Elle-May Lord,Cello,708,943,12-Nov-20,,,,,13-Oct-20
Laiba Clarkson,Piano,847,828,29-May-20,,,,,29-Apr-20
Elora Tran,Flute,893,1192,03-Jun-20,,,,,04-May-20
Callam Mclellan,Drums,800,879,25-Jun-20,,,,,26-May-20
Kierran Gibson,Clarinet,592,1183,10-Apr-20,,,,,11-Mar-20
Delia Stacey,Violin,503,535,21-May-20,,,,,21-Apr-20
Faizaan Madden,Trumpet,568,935,08-Oct-20,,,,,08-Sep-20
Cole Curran,Harp,768,992,23-Aug-20,,,,,24-Jul-20
Shania Rayner,Cello,741,811,11-Feb-20,,,,,12-Jan-20
Natalie Walter,Drums,805,1039,23-Apr-20,,,,,24-Mar-20
Cleo Mcfarland,Harp,895,985,23-Mar-20,,,,,22-Feb-20
Teodor Cope,Guitar,514,586,09-Jul-20,,,,,09-Jun-20
Raul Hunt,Trumpet,528,607,30-Dec-20,,,,,30-Nov-20
Aneesha Guerra,Trumpet,862,1022,05-Feb-20,,,,,06-Jan-20
Hawa Rhodes,Piano,802,515,26-Apr-20,,,,,27-Mar-20
Miyah Mills,Flute,947,763,14-Sep-20,,,,,15-Aug-20
Lincoln Munoz,Guitar,732,665,16-Nov-20,,,,,17-Oct-20
Preston Stanton,Flute,618,955,09-Dec-20,,,,,09-Nov-20
Christian Frye,Clarinet,744,946,03-Dec-20,,,,,03-Nov-20
Jermaine Mcbride,Piano,555,1072,27-May-20,,,,,27-Apr-20
Chardonnay Allman,Guitar,620,1099,10-Apr-20,,,,,11-Mar-20
Abdulahi Byers,Drums,512,838,26-Jun-20,,,,,27-May-20
Joao Cano,Flute,779,507,26-Dec-20,,,,,26-Nov-20
Fatema Mercer,Clarinet,840,530,09-Aug-20,,,,,10-Jul-20
Fionn Dotson,Drums,500,760,12-Apr-20,,,,,13-Mar-20
Tasneem Floyd,Drums,962,767,31-Dec-20,,,,,01-Dec-20
Ashleigh Barclay,Trumpet,780,871,04-Nov-20,,,,,05-Oct-20
Alejandro Freeman,Drums,734,847,13-Dec-20,,,,,13-Nov-20
Blade Pierce,Clarinet,840,1027,11-Oct-20,,,,,11-Sep-20
Gracie-May Croft,Flute,951,1143,13-Jun-20,,,,,14-May-20
Luci Reeves,Piano,573,834,22-Mar-20,,,,,21-Feb-20
Lydia Grey,Cello,549,557,18-Nov-20,,,,,19-Oct-20
Addison Beattie,Harp,606,555,14-Apr-20,,,,,15-Mar-20
Adina Mayo,Cello,815,676,11-Apr-20,,,,,12-Mar-20
Ruby-May Robson,Harp,848,636,04-Apr-20,,,,,05-Mar-20
Kristopher Morales,Flute,678,611,13-Mar-20,,,,,12-Feb-20
Clarke Clark,Drums,631,1120,31-Jul-20,,,,,01-Jul-20
Sukhmani Mora,Violin,853,772,23-Dec-20,,,,,23-Nov-20
Christie Grainger,Guitar,658,628,22-Feb-20,,,,,23-Jan-20
Alayah Clarke,Trumpet,730,1048,06-Jun-20,,,,,07-May-20
Haroon Hassan,Clarinet,589,972,05-Dec-20,,,,,05-Nov-20
Macauley Bain,Piano,570,1060,29-Jul-20,,,,,29-Jun-20
Atif Short,Drums,523,1119,13-Sep-20,,,,,14-Aug-20
Roksana Kennedy,Trumpet,922,689,01-Mar-20,,,,,31-Jan-20
Ashwin Figueroa,Piano,563,701,20-Aug-20,,,,,21-Jul-20
Reginald Griffin,Violin,738,635,25-Sep-20,,,,,26-Aug-20
Nelly Deacon,Harp,773,767,04-Oct-20,,,,,04-Sep-20
Zakk Mathews,Piano,562,654,30-Aug-20,,,,,31-Jul-20
Cadi Gaines,Harp,766,777,20-Dec-20,,,,,20-Nov-20
Ikrah Douglas,Trumpet,978,981,04-Nov-20,,,,,05-Oct-20
Phoebe Turner,Piano,797,506,24-Mar-20,,,,,23-Feb-20
Sadiyah Stubbs,Violin,898,955,17-Oct-20,,,,,17-Sep-20
Mitchell Meadows,Harp,904,851,30-Sep-20,,,,,31-Aug-20
Hannah Hendricks,Trumpet,789,1188,17-Feb-20,,,,,18-Jan-20
Louie Trejo,Cello,772,619,15-Mar-20,,,,,14-Feb-20
Anwar Oliver,Violin,595,1058,15-Mar-20,,,,,14-Feb-20
Alannah Beaumont,Harp,782,722,06-Feb-20,,,,,07-Jan-20
Veronica Villarreal,Clarinet,847,1006,25-Apr-20,,,,,26-Mar-20
Aiden Blackmore,Flute,653,1191,19-Oct-20,,,,,19-Sep-20
Vikki Chadwick,Harp,680,746,30-Jun-20,,,,,31-May-20
Freya Flores,Flute,868,1065,04-Mar-20,,,,,03-Feb-20
Sonnie Acevedo,Piano,804,824,26-Feb-20,,,,,27-Jan-20
Blaine Firth,Flute,576,859,21-Nov-20,,,,,22-Oct-20
Colm Gardner,Drums,704,603,18-Feb-20,,,,,19-Jan-20
Kingston Akhtar,Clarinet,973,1012,06-Apr-20,,,,,07-Mar-20
Tai Waller,Flute,771,560,10-Jul-20,,,,,10-Jun-20
Raymond Barber,Drums,914,995,07-Jul-20,,,,,07-Jun-20
Jaydan Adams,Flute,835,1138,28-Aug-20,,,,,29-Jul-20
Ed Bautista,Flute,765,935,13-Dec-20,,,,,13-Nov-20
Sufyan Wiggins,Trumpet,822,1194,31-Aug-20,,,,,01-Aug-20
Sama Sharp,Harp,546,576,18-Nov-20,,,,,19-Oct-20
Remi Mahoney,Harp,835,856,10-Sep-20,,,,,11-Aug-20
Ciaron Hodges,Trumpet,785,942,24-Apr-20,,,,,25-Mar-20
Abdirahman Ross,Guitar,551,768,25-Apr-20,,,,,26-Mar-20
Annabella Clemons,Violin,891,594,27-Dec-20,,,,,27-Nov-20
Ophelia Ayala,Flute,954,920,07-Dec-20,,,,,07-Nov-20
Archibald Dean,Clarinet,592,741,12-Oct-20,,,,,12-Sep-20
Chelsy Hartley,Trumpet,808,1132,31-Jan-20,,,,,01-Jan-20
Nabilah Walters,Violin,799,712,26-Apr-20,,,,,27-Mar-20
Haydn Ibarra,Flute,949,1059,01-Mar-20,,,,,31-Jan-20
Katy Charles,Cello,707,708,18-May-20,,,,,18-Apr-20
Vladimir Cortes,Flute,633,1115,05-May-20,,,,,05-Apr-20
Samual Wade,Clarinet,535,1125,11-Jun-20,,,,,12-May-20
Aysha Nash,Guitar,682,571,14-Oct-20,,,,,14-Sep-20
Floyd Butler,Flute,534,1033,23-Dec-20,,,,,23-Nov-20
Rosalie Mcdowell,Violin,861,623,15-May-20,,,,,15-Apr-20
Lyra Bird,Guitar,527,526,14-Aug-20,,,,,15-Jul-20
Frances Ramirez,Cello,622,816,08-Jun-20,,,,,09-May-20
Mary Woods,Flute,1000,866,30-Mar-20,,,,,29-Feb-20
Vernon Mcconnell,Drums,748,1141,21-Sep-20,,,,,22-Aug-20
Keir Branch,Flute,563,613,19-May-20,,,,,19-Apr-20
Finnley Mitchell,Violin,854,938,31-Mar-20,,,,,01-Mar-20
Precious Holman,Guitar,805,1074,09-Aug-20,,,,,10-Jul-20
Mathias Hester,Violin,516,638,17-Dec-20,,,,,17-Nov-20
Kole Chavez,Harp,801,1081,26-Oct-20,,,,,26-Sep-20
Rheanna Goodman,Piano,900,847,24-Mar-20,,,,,23-Feb-20
Dewey Cano,Cello,818,1082,17-Dec-20,,,,,17-Nov-20
Stewart Holden,Flute,635,1198,12-Oct-20,,,,,12-Sep-20
Kasim Lyons,Trumpet,598,1038,26-Jul-20,,,,,26-Jun-20
Malaki Needham,Trumpet,786,787,04-Jun-20,,,,,05-May-20
Savannah Kinney,Clarinet,720,824,28-Dec-20,,,,,28-Nov-20
Ubaid Hebert,Drums,583,566,25-Jun-20,,,,,26-May-20
Annabell Beltran,Piano,518,912,21-Sep-20,,,,,22-Aug-20
Ephraim Cline,Cello,887,926,02-Jul-20,,,,,02-Jun-20
Stan Washington,Cello,874,1031,27-Nov-20,,,,,28-Oct-20
Dennis Branch,Flute,798,886,17-Jul-20,,,,,17-Jun-20
Clifford Henry,Drums,764,951,13-Apr-20,,,,,14-Mar-20
Chardonnay Collins,Drums,551,740,19-Jul-20,,,,,19-Jun-20
Mohamed Castro,Clarinet,972,942,15-Feb-20,,,,,16-Jan-20
Rahima Arellano,Clarinet,974,1120,23-Jun-20,,,,,24-May-20
Kamil Mcmahon,Piano,654,829,15-Jun-20,,,,,16-May-20
Dainton Henson,Cello,829,931,21-Aug-20,,,,,22-Jul-20
Avani Taylor,Cello,715,1074,28-Dec-20,,,,,28-Nov-20
Ezra Walter,Violin,949,680,22-Feb-20,,,,,23-Jan-20
Gregg Mcbride,Trumpet,595,1042,04-Dec-20,,,,,04-Nov-20
Tayah Harding,Harp,880,1103,21-Mar-20,,,,,20-Feb-20
Jordan-Lee Atkinson,Harp,663,699,09-Dec-20,,,,,09-Nov-20
Christine Larsen,Guitar,572,1024,04-Aug-20,,,,,05-Jul-20
Macsen Crowther,Piano,969,1187,24-Jul-20,,,,,24-Jun-20
Abbie Corrigan,Guitar,523,1199,26-Feb-20,,,,,27-Jan-20
Caoimhe Lim,Flute,705,645,17-Sep-20,,,,,18-Aug-20
Malia Gibbons,Trumpet,631,505,10-Feb-20,,,,,11-Jan-20
Marilyn Cochran,Drums,949,1056,01-Aug-20,,,,,02-Jul-20
Isis Ridley,Trumpet,809,974,01-Dec-20,,,,,01-Nov-20
Sanjay Clements,Piano,637,995,17-Apr-20,,,,,18-Mar-20
Zi Mccabe,Cello,717,822,26-Apr-20,,,,,27-Mar-20
Karen Ochoa,Clarinet,953,1153,26-Feb-20,,,,,27-Jan-20
Kaia Wu,Cello,592,856,10-May-20,,,,,10-Apr-20
Colin Stevens,Piano,618,929,09-Aug-20,,,,,10-Jul-20
Rocco Lowry,Cello,923,699,10-Nov-20,,,,,11-Oct-20
Yolanda Whitfield,Harp,602,847,11-Apr-20,,,,,12-Mar-20
Raj Lang,Cello,609,962,25-Dec-20,,,,,25-Nov-20
Noah Estes,Violin,941,1190,16-Nov-20,,,,,17-Oct-20
Lucia Blevins,Trumpet,630,1157,02-Dec-20,,,,,02-Nov-20
Maksim Dickens,Clarinet,781,1189,21-Apr-20,,,,,22-Mar-20
Abigale Allman,Cello,843,696,16-Aug-20,,,,,17-Jul-20
Allan Wheatley,Violin,777,869,26-Oct-20,,,,,26-Sep-20
Amanda Callahan,Cello,877,610,01-Mar-20,,,,,31-Jan-20
Laurel Herring,Cello,508,607,09-Aug-20,,,,,10-Jul-20
Reiss Mccoy,Piano,517,675,09-Apr-20,,,,,10-Mar-20
Montana Mccall,Violin,572,543,09-Jun-20,,,,,10-May-20
Danielius Sawyer,Guitar,608,995,27-May-20,,,,,27-Apr-20
Keeva Rossi,Trumpet,813,693,31-Dec-20,,,,,01-Dec-20
Rees Martin,Guitar,921,866,15-Sep-20,,,,,16-Aug-20
Kourtney Britton,Cello,594,561,15-Nov-20,,,,,16-Oct-20
Kuba Busby,Cello,786,1000,05-Mar-20,,,,,04-Feb-20
Saeed Herman,Violin,962,1133,09-Nov-20,,,,,10-Oct-20
Teejay Mills,Cello,710,885,01-Mar-20,,,,,31-Jan-20
Berat Clayton,Clarinet,613,940,23-Dec-20,,,,,23-Nov-20
Irene Hodge,Piano,559,1065,29-Mar-20,,,,,28-Feb-20
Kim Powell,Trumpet,650,710,25-Sep-20,,,,,26-Aug-20
Jaidan Waters,Trumpet,915,1117,16-Apr-20,,,,,17-Mar-20
Jed Whittle,Violin,794,941,17-Apr-20,,,,,18-Mar-20
Clement Villa,Guitar,822,829,05-Feb-20,,,,,06-Jan-20
Stephanie Braun,Violin,703,856,08-Dec-20,,,,,08-Nov-20
Abraham Roy,Violin,752,880,19-Mar-20,,,,,18-Feb-20
Keely Golden,Piano,541,669,15-Dec-20,,,,,15-Nov-20
Shahzaib Pennington,Trumpet,542,582,10-Nov-20,,,,,11-Oct-20
Brenden Christian,Trumpet,725,503,25-Apr-20,,,,,26-Mar-20
Jethro Rosales,Guitar,720,830,23-Sep-20,,,,,24-Aug-20
Noa Haines,Drums,963,574,12-Aug-20,,,,,13-Jul-20
Sakina Connelly,Drums,734,752,25-Jun-20,,,,,26-May-20
Wasim Bannister,Violin,706,587,27-Jun-20,,,,,28-May-20
Marwah Dennis,Cello,860,562,22-Aug-20,,,,,23-Jul-20
Reese Estrada,Piano,821,1136,14-Sep-20,,,,,15-Aug-20
Erika Hansen,Drums,998,520,03-Dec-20,,,,,03-Nov-20
April Rodrigues,Violin,673,1133,09-Sep-20,,,,,10-Aug-20
Humayra Cash,Clarinet,646,620,26-Nov-20,,,,,27-Oct-20
Stephan Rivers,Drums,764,1023,29-Oct-20,,,,,29-Sep-20
Aneurin Alston,Harp,734,1006,26-Aug-20,,,,,27-Jul-20
Anna-Marie Kim,Drums,972,605,01-Apr-20,,,,,02-Mar-20
Mackenzie Betts,Violin,687,1101,06-Nov-20,,,,,07-Oct-20
Cleveland Langley,Clarinet,687,1105,20-Oct-20,,,,,20-Sep-20
Rares Jacobs,Violin,556,1149,15-May-20,,,,,15-Apr-20
Kamron Witt,Guitar,698,664,07-Sep-20,,,,,08-Aug-20
Alyce Frazier,Harp,886,1010,19-Jul-20,,,,,19-Jun-20
Zahrah Hutton,Clarinet,844,745,28-Feb-20,,,,,29-Jan-20
Eloise Neville,Flute,591,701,15-Dec-20,,,,,15-Nov-20
Penny Allison,Guitar,741,739,03-Mar-20,,,,,02-Feb-20
Arlo Duarte,Harp,608,1080,13-May-20,,,,,13-Apr-20
Suzannah Beech,Harp,772,589,19-Apr-20,,,,,20-Mar-20
Everett Brandt,Violin,877,880,02-Aug-20,,,,,03-Jul-20
Darius Sheehan,Trumpet,763,984,05-Mar-20,,,,,04-Feb-20
Vinnie Diaz,Drums,988,1129,29-Dec-20,,,,,29-Nov-20
Sean Mccann,Violin,708,716,19-Aug-20,,,,,20-Jul-20
Carley Mckay,Trumpet,541,832,21-Oct-20,,,,,21-Sep-20
Hafsah Booth,Flute,840,1057,15-Nov-20,,,,,16-Oct-20
Jarod Sweeney,Flute,844,721,24-Aug-20,,,,,25-Jul-20
Luci Bowler,Drums,907,1025,01-Apr-20,,,,,02-Mar-20
Brett Boyce,Guitar,552,595,18-Dec-20,,,,,18-Nov-20
Madelaine Peacock,Trumpet,817,620,10-Aug-20,,,,,11-Jul-20
Aadil O'Moore,Violin,516,826,18-Apr-20,,,,,19-Mar-20
Garrett Warner,Trumpet,549,675,03-Aug-20,,,,,04-Jul-20
Hibah Compton,Cello,825,591,04-Dec-20,,,,,04-Nov-20
Kurt Bob,Flute,628,517,02-Mar-20,,,,,01-Feb-20
Oliver Burns,Guitar,609,535,24-Nov-20,,,,,25-Oct-20
Isa Klein,Cello,512,683,13-Jul-20,,,,,13-Jun-20
Jeremy Burrows,Flute,956,922,22-Mar-20,,,,,21-Feb-20
Lily-Ann Kearns,Clarinet,725,1047,17-May-20,,,,,17-Apr-20
Abdulrahman Barrow,Guitar,979,737,30-Nov-20,,,,,31-Oct-20
Salahuddin Ballard,Harp,651,892,19-Jul-20,,,,,19-Jun-20
Anika Murphy,Drums,615,770,08-May-20,,,,,08-Apr-20
Muhammed Nairn,Trumpet,748,557,03-Dec-20,,,,,03-Nov-20
James Lowry,Harp,833,1081,13-Jul-20,,,,,13-Jun-20
Lyle Ponce,Guitar,723,673,25-Dec-20,,,,,25-Nov-20
Courtnie Atherton,Guitar,802,1186,06-Mar-20,,,,,05-Feb-20
Aidan Saunders,Drums,512,986,17-Feb-20,,,,,18-Jan-20
Miriam Leonard,Drums,958,551,21-Nov-20,,,,,22-Oct-20
Aila Mason,Piano,673,874,21-Oct-20,,,,,21-Sep-20
Kathy Baldwin,Cello,538,1020,29-Nov-20,,,,,30-Oct-20
Jorgie Gregory,Clarinet,669,978,25-Sep-20,,,,,26-Aug-20
Macy Trevino,Drums,616,584,09-Aug-20,,,,,10-Jul-20
Yanis Santiago,Harp,722,646,22-Jul-20,,,,,22-Jun-20
Yosef Joyce,Flute,732,788,03-Oct-20,,,,,03-Sep-20
Darcie-Mae Montgomery,Trumpet,947,956,23-May-20,,,,,23-Apr-20
Jessica Velasquez,Trumpet,526,1084,09-Oct-20,,,,,09-Sep-20
Horace Holding,Violin,888,1024,17-Dec-20,,,,,17-Nov-20
Fynley Deleon,Trumpet,514,565,31-May-20,,,,,01-May-20
Acacia Perkins,Violin,808,1136,06-Apr-20,,,,,07-Mar-20
Montana Bond,Violin,643,1196,18-Apr-20,,,,,19-Mar-20
Lennie O'Moore,Trumpet,603,735,04-Mar-20,,,,,03-Feb-20
Kaylem Ross,Trumpet,818,794,12-Feb-20,,,,,13-Jan-20
Karol Macfarlane,Drums,761,625,29-Aug-20,,,,,30-Jul-20
Kamila Ramirez,Cello,926,1015,14-Sep-20,,,,,15-Aug-20
Harlow Gibson,Clarinet,569,900,30-Aug-20,,,,,31-Jul-20
Jonathon Edmonds,Harp,863,901,29-Sep-20,,,,,30-Aug-20
Mariah Crane,Violin,854,537,02-Nov-20,,,,,03-Oct-20
Syeda Haas,Clarinet,767,547,15-Jul-20,,,,,15-Jun-20
Tamar Randall,Violin,887,1050,15-Jul-20,,,,,15-Jun-20
Jerome Sharp,Cello,938,853,16-Nov-20,,,,,17-Oct-20
Zaydan Pitts,Piano,662,754,29-Nov-20,,,,,30-Oct-20
Precious Middleton,Flute,667,1017,12-Nov-20,,,,,13-Oct-20
Romeo Harrington,Harp,789,584,16-Apr-20,,,,,17-Mar-20
Thea Boone,Cello,684,1094,17-Dec-20,,,,,17-Nov-20
Shanaya Parra,Clarinet,601,649,02-Sep-20,,,,,03-Aug-20
Lily Tran,Drums,882,929,14-Oct-20,,,,,14-Sep-20
Nikkita Bains,Clarinet,984,1097,23-Sep-20,,,,,24-Aug-20
Vanesa Beech,Piano,904,949,29-Feb-20,,,,,30-Jan-20
Elsie-Mae Hassan,Harp,869,599,14-Mar-20,,,,,13-Feb-20
Yazmin Lynch,Piano,975,1100,18-May-20,,,,,18-Apr-20
Cheyanne Portillo,Harp,704,610,13-Dec-20,,,,,13-Nov-20
Alara Skinner,Harp,516,938,10-Oct-20,,,,,10-Sep-20
Danni Dickerson,Cello,793,529,29-Aug-20,,,,,30-Jul-20
Asher Berg,Flute,665,1164,08-Sep-20,,,,,09-Aug-20
Pheobe Barron,Guitar,736,1030,16-Nov-20,,,,,17-Oct-20
Dean Mcfarland,Clarinet,938,1001,15-Jun-20,,,,,16-May-20
Aden Driscoll,Guitar,679,513,08-Sep-20,,,,,09-Aug-20
Mari Connelly,Harp,919,982,09-Feb-20,,,,,10-Jan-20
Rhiann Monaghan,Drums,800,959,01-Feb-20,,,,,02-Jan-20
Kitty Long,Trumpet,683,843,27-Jun-20,,,,,28-May-20
Cyrus Dorsey,Guitar,526,577,02-Sep-20,,,,,03-Aug-20
Aleesha Guy,Harp,697,701,12-Dec-20,,,,,12-Nov-20
Eduard Mayo,Drums,790,895,09-May-20,,,,,09-Apr-20
Caroline Schofield,Piano,971,733,09-Mar-20,,,,,08-Feb-20
Kaitlin Wang,Violin,850,760,25-Jul-20,,,,,25-Jun-20
Maddison Cooper,Clarinet,957,677,15-Jun-20,,,,,16-May-20
Eloise Curry,Cello,958,792,15-Aug-20,,,,,16-Jul-20
Kean Ortiz,Cello,886,620,13-Sep-20,,,,,14-Aug-20
Mario Cooley,Trumpet,542,1046,04-Jul-20,,,,,04-Jun-20
Mila Hooper,Trumpet,637,1086,21-Nov-20,,,,,22-Oct-20
Leilani Feeney,Cello,777,961,12-May-20,,,,,12-Apr-20
Dave Montoya,Trumpet,588,1173,21-Nov-20,,,,,22-Oct-20
Jonty Rollins,Drums,884,1122,19-May-20,,,,,19-Apr-20
Bianka Squires,Cello,876,929,27-Jul-20,,,,,27-Jun-20
Kanye Nolan,Cello,829,1074,22-Feb-20,,,,,23-Jan-20
Mollie Griffin,Violin,677,918,28-Dec-20,,,,,28-Nov-20
Armaan Robin,Trumpet,935,687,14-Mar-20,,,,,13-Feb-20
Julie Erickson,Violin,896,1014,24-Aug-20,,,,,25-Jul-20
Lleyton Stokes,Guitar,594,1194,16-Dec-20,,,,,16-Nov-20
Nolan Shannon,Harp,872,914,16-Feb-20,,,,,17-Jan-20
Milan Devine,Guitar,898,1122,23-Nov-20,,,,,24-Oct-20
Umaiza Barton,Cello,595,928,16-Dec-20,,,,,16-Nov-20
Tiegan Farrow,Violin,744,1052,25-Mar-20,,,,,24-Feb-20
Grace Pennington,Violin,830,995,24-Aug-20,,,,,25-Jul-20
Alastair Hodson,Harp,906,513,01-May-20,,,,,01-Apr-20
Ava Villa,Violin,755,723,16-Feb-20,,,,,17-Jan-20
Chandler Best,Guitar,745,824,28-Nov-20,,,,,29-Oct-20
Edie Gardner,Cello,527,969,21-Dec-20,,,,,21-Nov-20
Mea Yu,Flute,999,1158,06-Apr-20,,,,,07-Mar-20
Elsie Mcdaniel,Cello,674,692,02-May-20,,,,,02-Apr-20
Matthew Redfern,Piano,877,634,29-Jun-20,,,,,30-May-20
Maximus Bain,Harp,905,780,17-Nov-20,,,,,18-Oct-20
Yasir Meadows,Flute,897,800,28-Dec-20,,,,,28-Nov-20
Rihanna Friedman,Violin,521,544,17-May-20,,,,,17-Apr-20
Karam Elliott,Guitar,544,669,16-Feb-20,,,,,17-Jan-20
Jordana Peck,Drums,546,566,07-May-20,,,,,07-Apr-20
Connar Moreno,Guitar,629,1154,10-Jun-20,,,,,11-May-20
Brax Harwood,Cello,768,1074,13-Sep-20,,,,,14-Aug-20
Rowena Brook,Clarinet,680,761,30-Jul-20,,,,,30-Jun-20
Amos Deacon,Guitar,926,531,12-Sep-20,,,,,13-Aug-20
Cheyenne Truong,Drums,588,642,08-Feb-20,,,,,09-Jan-20
Dianne Adkins,Cello,734,550,05-Mar-20,,,,,04-Feb-20
Sanjeev Krause,Clarinet,524,802,19-Mar-20,,,,,18-Feb-20
Jedd Gardner,Guitar,1000,519,05-Mar-20,,,,,04-Feb-20
Kaleb Sims,Cello,948,1104,30-Dec-20,,,,,30-Nov-20
Esmai Castillo,Trumpet,990,626,10-Sep-20,,,,,11-Aug-20
Blade Mcfarlane,Piano,546,921,29-Jun-20,,,,,30-May-20
Neha Paine,Harp,547,1060,12-Sep-20,,,,,13-Aug-20
Arian Owen,Drums,690,629,02-Apr-20,,,,,03-Mar-20
Arley Galvan,Drums,722,559,06-Sep-20,,,,,07-Aug-20
Caolan Hansen,Violin,614,942,22-Oct-20,,,,,22-Sep-20
Lola-Rose Knox,Drums,935,510,14-Dec-20,,,,,14-Nov-20
Danyal Mcdonald,Guitar,631,1074,14-May-20,,,,,14-Apr-20
Maximillian Andrews,Drums,955,927,18-Nov-20,,,,,19-Oct-20
Clinton Moses,Violin,758,803,04-Feb-20,,,,,05-Jan-20
Fleur Short,Cello,909,667,10-Jun-20,,,,,11-May-20
Atlanta Brooks,Drums,889,618,21-Apr-20,,,,,22-Mar-20
Dario Kouma,Guitar,517,812,03-Sep-20,,,,,04-Aug-20
Laibah Schultz,Flute,746,656,01-Sep-20,,,,,02-Aug-20
Billie-Jo Grimes,Piano,591,661,15-Oct-20,,,,,15-Sep-20
Kyra Fenton,Drums,769,773,22-Dec-20,,,,,22-Nov-20
Keanu Taylor,Harp,999,1067,07-Dec-20,,,,,07-Nov-20
Catriona Kirkland,Cello,708,1046,23-Jun-20,,,,,24-May-20
Shae Dickinson,Guitar,669,1086,03-Dec-20,,,,,03-Nov-20
John Smart,Drums,672,1197,19-Mar-20,,,,,18-Feb-20
Ruairi Millar,Flute,542,530,18-Jun-20,,,,,19-May-20
Evie-Grace Vargas,Piano,557,1080,09-Dec-20,,,,,09-Nov-20
Sameera Terry,Cello,827,1027,16-Mar-20,,,,,15-Feb-20
Mario Hammond,Trumpet,573,877,24-Aug-20,,,,,25-Jul-20
Ruth Spence,Harp,657,577,25-May-20,,,,,25-Apr-20
Amari Weeks,Piano,607,1191,03-Apr-20,,,,,04-Mar-20
Fahima Murphy,Piano,735,788,05-Nov-20,,,,,06-Oct-20
Curtis Strong,Guitar,604,1168,20-Aug-20,,,,,21-Jul-20
Conner Penn,Violin,548,1194,04-Mar-20,,,,,03-Feb-20
Cai Melia,Trumpet,634,1005,29-May-20,,,,,29-Apr-20
Grace Bishop,Harp,729,749,27-Apr-20,,,,,28-Mar-20
Haiden Leon,Harp,908,504,08-May-20,,,,,08-Apr-20
Danny Ahmad,Clarinet,803,1083,05-Jun-20,,,,,06-May-20
Haniya Brett,Piano,734,1083,16-Sep-20,,,,,17-Aug-20
Shaunie Ferguson,Trumpet,872,1096,23-Aug-20,,,,,24-Jul-20
Jak Young,Harp,902,892,21-Dec-20,,,,,21-Nov-20
Kory Bolton,Clarinet,540,588,29-Sep-20,,,,,30-Aug-20
Cory Vance,Cello,963,1053,16-Jun-20,,,,,17-May-20
Faith Kaye,Harp,692,824,15-Feb-20,,,,,16-Jan-20
Remi Shepard,Harp,606,541,09-Nov-20,,,,,10-Oct-20
Noa Mckenzie,Clarinet,655,547,31-May-20,,,,,01-May-20
Ammaar Crane,Trumpet,768,708,17-May-20,,,,,17-Apr-20
Dawud Matthams,Flute,614,767,11-Jul-20,,,,,11-Jun-20
Giulia Holding,Piano,721,527,02-Sep-20,,,,,03-Aug-20
Keeley May,Clarinet,863,715,14-Aug-20,,,,,15-Jul-20
Jai Major,Harp,822,577,10-Nov-20,,,,,11-Oct-20
Edith Boyer,Flute,528,1188,30-Mar-20,,,,,29-Feb-20
Rudi Seymour,Drums,977,620,20-Dec-20,,,,,20-Nov-20
Eisa Beltran,Trumpet,698,520,04-May-20,,,,,04-Apr-20
Luciano Bull,Drums,604,803,10-Oct-20,,,,,10-Sep-20
Alaw Craig,Guitar,821,1120,27-Dec-20,,,,,27-Nov-20
Emilie Potter,Piano,719,775,01-Mar-20,,,,,31-Jan-20
Bernadette Foreman,Harp,610,561,01-Aug-20,,,,,02-Jul-20
Sahar Weber,Violin,717,795,23-May-20,,,,,23-Apr-20
Saara Enriquez,Cello,749,918,11-Nov-20,,,,,12-Oct-20
Gurpreet Dolan,Clarinet,540,946,08-Sep-20,,,,,09-Aug-20
Ebrahim East,Clarinet,542,920,07-May-20,,,,,07-Apr-20
Asif Lin,Flute,827,1028,22-Apr-20,,,,,23-Mar-20
Peter Nolan,Harp,996,998,23-Aug-20,,,,,24-Jul-20
Zakk Lyon,Violin,820,886,23-Aug-20,,,,,24-Jul-20
Madiha Mcintyre,Guitar,922,863,23-Sep-20,,,,,24-Aug-20
Parris Dean,Cello,998,1054,21-Feb-20,,,,,22-Jan-20
Iram Good,Cello,824,788,08-May-20,,,,,08-Apr-20
Korben Lester,Drums,931,1032,27-Mar-20,,,,,26-Feb-20
Siddharth Snow,Harp,649,510,26-Aug-20,,,,,27-Jul-20
Shanna Mclaughlin,Harp,829,1118,09-Jun-20,,,,,10-May-20
Damon Blackwell,Trumpet,530,764,20-Nov-20,,,,,21-Oct-20
Youssef Shelton,Cello,883,1059,16-Nov-20,,,,,17-Oct-20
Laylah Stuart,Flute,746,862,22-Nov-20,,,,,23-Oct-20
Ayaan Sandoval,Drums,746,1186,08-Oct-20,,,,,08-Sep-20
Frankie Nguyen,Harp,601,959,26-Feb-20,,,,,27-Jan-20
Eathan Gross,Cello,554,930,20-Oct-20,,,,,20-Sep-20
Cataleya Forrest,Trumpet,774,658,15-May-20,,,,,15-Apr-20
Kai Luna,Drums,882,626,06-Apr-20,,,,,07-Mar-20
Hughie Crowther,Flute,651,1062,10-Apr-20,,,,,11-Mar-20
Jenna Edmonds,Harp,826,1145,07-Nov-20,,,,,08-Oct-20
Esha Greenaway,Clarinet,681,935,17-Nov-20,,,,,18-Oct-20
Kean Kinney,Cello,548,754,21-Sep-20,,,,,22-Aug-20
Bethan Lane,Cello,799,1011,18-Jul-20,,,,,18-Jun-20
Yusra Humphreys,Harp,508,900,19-Oct-20,,,,,19-Sep-20
Lukasz Carty,Harp,720,720,02-Mar-20,,,,,01-Feb-20
Elsie-May Ballard,Harp,729,1197,24-Jul-20,,,,,24-Jun-20
Lilah Blankenship,Violin,635,1062,23-Jul-20,,,,,23-Jun-20
Hattie Holt,Guitar,739,1159,20-Oct-20,,,,,20-Sep-20
Carol Dawson,Drums,811,1128,06-Jun-20,,,,,07-May-20
Elina Perez,Trumpet,603,598,07-Dec-20,,,,,07-Nov-20
Arianna Dougherty,Clarinet,553,1059,10-May-20,,,,,10-Apr-20
Neelam Ramsey,Drums,562,1108,26-Sep-20,,,,,27-Aug-20
Samiyah Berger,Guitar,563,986,25-Feb-20,,,,,26-Jan-20
Amelia-Rose Parsons,Piano,787,1119,18-Jul-20,,,,,18-Jun-20
Leen Jimenez,Cello,549,1068,15-Dec-20,,,,,15-Nov-20
Lulu Hook,Harp,787,535,09-Jul-20,,,,,09-Jun-20
Anabella Ellis,Harp,909,617,17-Jul-20,,,,,17-Jun-20
Clarissa Burch,Piano,945,907,25-Feb-20,,,,,26-Jan-20
Christian William,Piano,804,1189,28-Jul-20,,,,,28-Jun-20
Miriam Moran,Cello,912,635,18-May-20,,,,,18-Apr-20
Charmaine Bray,Trumpet,899,757,13-Jun-20,,,,,14-May-20
Awais Lewis,Clarinet,580,856,05-Mar-20,,,,,04-Feb-20
Ruairi Knapp,Drums,576,673,07-Sep-20,,,,,08-Aug-20
Lily Tillman,Trumpet,941,692,30-Aug-20,,,,,31-Jul-20
Haaris King,Guitar,800,734,11-Feb-20,,,,,12-Jan-20
Umair Sparrow,Piano,847,1116,30-Apr-20,,,,,31-Mar-20
Ayva Mccabe,Piano,904,823,17-May-20,,,,,17-Apr-20
Rehan Mccartney,Trumpet,763,1064,03-Jun-20,,,,,04-May-20
Diego Curry,Trumpet,905,1089,02-Apr-20,,,,,03-Mar-20
Darius Stacey,Drums,687,1183,16-Feb-20,,,,,17-Jan-20
Marlene Burris,Piano,845,856,17-Feb-20,,,,,18-Jan-20
Micah Reeve,Trumpet,620,571,16-Dec-20,,,,,16-Nov-20
Nada Justice,Violin,907,1180,29-Dec-20,,,,,29-Nov-20
Nazim Yates,Clarinet,698,1023,19-Sep-20,,,,,20-Aug-20
Vihaan Riddle,Cello,776,1124,09-May-20,,,,,09-Apr-20
Sufyaan Dennis,Violin,576,699,03-May-20,,,,,03-Apr-20
Darragh Peralta,Guitar,848,604,16-Nov-20,,,,,17-Oct-20
Randall Dixon,Guitar,815,1017,09-Oct-20,,,,,09-Sep-20
Hal Grey,Drums,667,1076,21-Dec-20,,,,,21-Nov-20
Sana Esparza,Flute,991,696,10-Oct-20,,,,,10-Sep-20
Saeed Rivers,Clarinet,878,847,11-Jun-20,,,,,12-May-20
Roseanne Bentley,Harp,553,574,27-Jul-20,,,,,27-Jun-20
Reegan Ritter,Trumpet,968,587,22-Jun-20,,,,,23-May-20
Layan Leech,Flute,890,715,01-Apr-20,,,,,02-Mar-20
Emmett Barrett,Guitar,542,820,17-Oct-20,,,,,17-Sep-20
Huw Dickinson,Drums,803,658,28-Oct-20,,,,,28-Sep-20
Cecil Mora,Piano,798,836,09-Mar-20,,,,,08-Feb-20
Liam Crosby,Drums,817,715,16-Apr-20,,,,,17-Mar-20
Nichola Wyatt,Guitar,930,557,02-Dec-20,,,,,02-Nov-20
Howard Coleman,Piano,618,878,23-Dec-20,,,,,23-Nov-20
Nikkita Jefferson,Trumpet,657,513,20-Apr-20,,,,,21-Mar-20
Kayden Mcphee,Harp,739,1140,06-Nov-20,,,,,07-Oct-20
Maximilian Ellis,Harp,831,941,21-Aug-20,,,,,22-Jul-20
Nuha Huynh,Drums,982,922,06-Oct-20,,,,,06-Sep-20
Md Robson,Violin,578,1065,01-Sep-20,,,,,02-Aug-20
Zayn Forrest,Clarinet,664,849,28-Dec-20,,,,,28-Nov-20
Danyal Beck,Harp,834,799,10-Dec-20,,,,,10-Nov-20
Artur Dunlop,Harp,712,1129,16-Aug-20,,,,,17-Jul-20
Kyron Dickens,Guitar,888,1198,02-Mar-20,,,,,01-Feb-20
Mitchell Scott,Cello,899,1009,26-Jun-20,,,,,27-May-20
Cyrus Rosales,Harp,841,1031,07-Feb-20,,,,,08-Jan-20
Alayna Greig,Drums,539,650,19-Apr-20,,,,,20-Mar-20
Braxton Shannon,Cello,532,867,08-Jul-20,,,,,08-Jun-20
Maegan Richard,Clarinet,879,1115,24-Nov-20,,,,,25-Oct-20
Keeleigh Bishop,Clarinet,511,1061,28-Aug-20,,,,,29-Jul-20
Chelsea Murillo,Harp,733,970,01-Oct-20,,,,,01-Sep-20
Tonya Eastwood,Clarinet,504,506,17-Oct-20,,,,,17-Sep-20
Ferne Humphries,Trumpet,825,1045,11-Dec-20,,,,,11-Nov-20
Murray Manning,Piano,653,858,08-May-20,,,,,08-Apr-20
Santino Blair,Clarinet,987,856,06-Feb-20,,,,,07-Jan-20
Roxy Piper,Trumpet,561,883,03-Apr-20,,,,,04-Mar-20
Maryam Finch,Flute,667,513,22-Apr-20,,,,,23-Mar-20
Kianna Macias,Trumpet,647,711,16-Nov-20,,,,,17-Oct-20
Winnie Harvey,Trumpet,893,908,03-May-20,,,,,03-Apr-20
Chanel Hutton,Drums,975,836,17-Mar-20,,,,,16-Feb-20
Calista Woodward,Clarinet,979,848,18-Jul-20,,,,,18-Jun-20
Lilly-Grace Stephenson,Guitar,756,1157,15-Nov-20,,,,,16-Oct-20
Eli Contreras,Guitar,547,991,19-Oct-20,,,,,19-Sep-20
Soraya George,Guitar,786,1037,27-Jul-20,,,,,27-Jun-20
Milosz Ahmad,Trumpet,843,912,11-Jul-20,,,,,11-Jun-20
Bartlomiej Ryan,Violin,960,885,20-Nov-20,,,,,21-Oct-20
Wilma Herrera,Harp,663,609,13-May-20,,,,,13-Apr-20
Ishaaq Berger,Piano,631,1023,16-Jul-20,,,,,16-Jun-20
Belle Mair,Cello,504,1137,19-Apr-20,,,,,20-Mar-20
Rebekka Storey,Guitar,778,536,21-Dec-20,,,,,21-Nov-20
Traci Bridges,Flute,740,744,07-May-20,,,,,07-Apr-20
Sol Mills,Clarinet,534,1114,15-May-20,,,,,15-Apr-20
Dionne Rooney,Guitar,632,1157,13-May-20,,,,,13-Apr-20
Ronan Mill,Clarinet,798,1193,06-Nov-20,,,,,07-Oct-20
Raj Pineda,Flute,510,765,05-Nov-20,,,,,06-Oct-20
Rhiana Carrillo,Flute,900,555,23-Apr-20,,,,,24-Mar-20
Kirsty Browne,Violin,883,513,28-Sep-20,,,,,29-Aug-20
Hareem O'Reilly,Drums,597,672,19-Dec-20,,,,,19-Nov-20
Jameel Mcarthur,Clarinet,562,1095,07-Nov-20,,,,,08-Oct-20
Kalum Sweet,Harp,735,550,16-Jul-20,,,,,16-Jun-20
Lennon Duncan,Piano,950,1146,08-Sep-20,,,,,09-Aug-20
Amelia-Mae Childs,Guitar,956,942,30-May-20,,,,,30-Apr-20
Danika Macgregor,Guitar,784,701,24-Feb-20,,,,,25-Jan-20
Judah Langley,Violin,844,702,24-Nov-20,,,,,25-Oct-20
Henna Santos,Violin,912,1029,06-Aug-20,,,,,07-Jul-20
Hettie Barajas,Piano,556,688,29-Oct-20,,,,,29-Sep-20
Bertram Dunn,Guitar,569,808,07-Oct-20,,,,,07-Sep-20
Misbah Estes,Drums,534,1197,13-Aug-20,,,,,14-Jul-20
Alix Sheehan,Violin,751,1196,26-Jul-20,,,,,26-Jun-20
Romilly Sherman,Clarinet,510,566,04-Oct-20,,,,,04-Sep-20
Kunal Christensen,Drums,901,520,20-Sep-20,,,,,21-Aug-20
Abel Tanner,Harp,653,576,09-Apr-20,,,,,10-Mar-20
Jeanne Torres,Clarinet,725,1004,06-Mar-20,,,,,05-Feb-20
Aedan Peters,Clarinet,971,1195,09-Jul-20,,,,,09-Jun-20
Hubert Acosta,Guitar,613,773,03-Oct-20,,,,,03-Sep-20
Rahim Potter,Guitar,556,596,25-Sep-20,,,,,26-Aug-20
Malcolm Rhodes,Drums,989,1099,14-Sep-20,,,,,15-Aug-20
Eden Bernard,Violin,635,844,04-Jun-20,,,,,05-May-20
Tayyab Mendoza,Drums,754,933,30-Jun-20,,,,,31-May-20
Amba Alcock,Trumpet,565,994,12-Jun-20,,,,,13-May-20
Caris Gale,Harp,500,1084,19-Dec-20,,,,,19-Nov-20
Ubaid Swan,Guitar,847,912,24-Oct-20,,,,,24-Sep-20
Shelbie Fernandez,Harp,568,1166,21-Jul-20,,,,,21-Jun-20
Brent Shepherd,Flute,855,1174,25-Mar-20,,,,,24-Feb-20
Dayna Morton,Trumpet,772,759,31-Aug-20,,,,,01-Aug-20
Kellie Frazier,Trumpet,798,918,14-May-20,,,,,14-Apr-20
Merlin Wagner,Clarinet,968,535,01-Jun-20,,,,,02-May-20
Lina Stubbs,Cello,704,902,28-Jun-20,,,,,29-May-20
Janae Greenwood,Piano,625,1045,07-Sep-20,,,,,08-Aug-20
Douglas Calderon,Piano,709,1033,06-May-20,,,,,06-Apr-20
T-Jay Horn,Flute,573,1087,23-Oct-20,,,,,23-Sep-20
Connie Terrell,Flute,1000,504,27-Apr-20,,,,,28-Mar-20
Preston Hunt,Guitar,817,597,09-Oct-20,,,,,09-Sep-20
Kaya Bevan,Violin,743,1152,24-Feb-20,,,,,25-Jan-20
Jesus Mcintyre,Harp,840,1138,16-Apr-20,,,,,17-Mar-20
Debbie Guerra,Flute,775,596,18-Jun-20,,,,,19-May-20
Isabella Derrick,Guitar,803,944,05-Mar-20,,,,,04-Feb-20
Danyl Stewart,Trumpet,827,885,09-Dec-20,,,,,09-Nov-20
Nisha White,Violin,671,881,05-May-20,,,,,05-Apr-20
Rimsha Myers,Piano,780,542,09-Nov-20,,,,,10-Oct-20
Hisham Cortes,Flute,577,799,28-May-20,,,,,28-Apr-20
Codey Hogg,Trumpet,969,640,29-Jun-20,,,,,30-May-20
Hana Robin,Violin,662,751,05-Mar-20,,,,,04-Feb-20
Ronaldo Tait,Clarinet,791,820,28-May-20,,,,,28-Apr-20
Aislinn Hulme,Trumpet,529,979,09-Mar-20,,,,,08-Feb-20
Saskia Matthews,Harp,676,682,17-Mar-20,,,,,16-Feb-20
Hayleigh Bone,Cello,628,747,11-Jul-20,,,,,11-Jun-20
Korey Hurley,Trumpet,537,764,05-Sep-20,,,,,06-Aug-20
Jerome Patel,Drums,717,829,13-Feb-20,,,,,14-Jan-20
Aydin Dean,Flute,915,913,30-May-20,,,,,30-Apr-20
Kyle Gibbs,Drums,610,933,16-Feb-20,,,,,17-Jan-20
Elaine Lacey,Guitar,645,741,08-Dec-20,,,,,08-Nov-20
Levi Tang,Cello,550,932,16-Oct-20,,,,,16-Sep-20
Elif Hodgson,Guitar,842,1133,20-Mar-20,,,,,19-Feb-20
Esmai Herring,Cello,914,729,28-Mar-20,,,,,27-Feb-20
Delia Ridley,Piano,886,960,18-May-20,,,,,18-Apr-20
Mikael Clayton,Violin,826,530,13-Jul-20,,,,,13-Jun-20
Owen Nelson,Clarinet,549,1119,19-Sep-20,,,,,20-Aug-20
Chante Kane,Drums,837,961,25-Dec-20,,,,,25-Nov-20
Yazmin Carver,Violin,897,1004,03-Jul-20,,,,,03-Jun-20
Gabriella Valenzuela,Flute,997,709,23-Dec-20,,,,,23-Nov-20
Aaran Fischer,Cello,912,1123,17-Jun-20,,,,,18-May-20
Lyndon Lyons,Drums,575,983,10-Jul-20,,,,,10-Jun-20
Roland Le,Trumpet,566,542,19-Mar-20,,,,,18-Feb-20
Paddy Wainwright,Violin,692,869,07-Aug-20,,,,,08-Jul-20
Kane Salazar,Cello,885,862,18-Jun-20,,,,,19-May-20
Victoria Redmond,Flute,522,699,01-Mar-20,,,,,31-Jan-20
Penelope Travers,Piano,650,767,24-Aug-20,,,,,25-Jul-20
Dawid Mcclain,Violin,845,679,25-Mar-20,,,,,24-Feb-20
Rafferty Whitaker,Clarinet,903,802,29-Aug-20,,,,,30-Jul-20
Huzaifah Spence,Harp,852,1082,23-Dec-20,,,,,23-Nov-20
Courteney Levine,Trumpet,608,997,14-Dec-20,,,,,14-Nov-20
Tayah Beasley,Clarinet,750,1111,28-Aug-20,,,,,29-Jul-20
Amaan Hartman,Harp,650,643,18-Sep-20,,,,,19-Aug-20
August Vo,Violin,655,1192,13-Nov-20,,,,,14-Oct-20
Nina Chase,Flute,717,640,02-May-20,,,,,02-Apr-20
Alessio Dorsey,Guitar,886,512,10-Dec-20,,,,,10-Nov-20
Taiba Farley,Piano,855,910,23-Oct-20,,,,,23-Sep-20
Eleni Cabrera,Flute,741,1194,03-Jul-20,,,,,03-Jun-20
Ammar Guy,Harp,560,834,03-Jun-20,,,,,04-May-20
Mina Sosa,Piano,672,757,09-Aug-20,,,,,10-Jul-20
Khadeejah Diaz,Flute,641,603,23-Apr-20,,,,,24-Mar-20
Khaleesi Davie,Violin,861,858,06-Jun-20,,,,,07-May-20
Hollie Owens,Guitar,846,562,21-Aug-20,,,,,22-Jul-20
Maheen Bolton,Piano,931,873,09-Jun-20,,,,,10-May-20
Bessie Bostock,Piano,556,1138,05-Mar-20,,,,,04-Feb-20
Ellena Mcmillan,Piano,516,744,08-Dec-20,,,,,08-Nov-20
Ilyas Ratliff,Drums,985,734,21-Nov-20,,,,,22-Oct-20
Nettie Reyes,Clarinet,528,597,16-Nov-20,,,,,17-Oct-20
Mihai Stacey,Guitar,981,612,13-Dec-20,,,,,13-Nov-20
Mara Phan,Flute,661,502,16-Aug-20,,,,,17-Jul-20
Karl Dunkley,Guitar,955,871,12-Aug-20,,,,,13-Jul-20
Lewie Nunez,Cello,835,1120,07-Aug-20,,,,,08-Jul-20
Evie-Grace Douglas,Piano,717,1170,20-Apr-20,,,,,21-Mar-20
Fabio Hardy,Trumpet,970,642,23-Jul-20,,,,,23-Jun-20
May Fox,Flute,748,695,21-Feb-20,,,,,22-Jan-20
Harpreet Mitchell,Piano,787,1064,08-Dec-20,,,,,08-Nov-20
Eleri Haley,Violin,954,1001,11-Nov-20,,,,,12-Oct-20
Priyanka Greene,Clarinet,600,771,22-Apr-20,,,,,23-Mar-20
Izaac Lawson,Harp,863,673,23-Sep-20,,,,,24-Aug-20
Harlee Wilkes,Clarinet,575,811,24-Sep-20,,,,,25-Aug-20
Mariana Leigh,Drums,840,831,24-Aug-20,,,,,25-Jul-20
Laurie Little,Harp,596,1051,12-Jun-20,,,,,13-May-20
Ashlee Draper,Trumpet,840,760,12-Oct-20,,,,,12-Sep-20
Melinda Bowler,Clarinet,539,845,15-Aug-20,,,,,16-Jul-20
Sonya Hale,Clarinet,921,1186,28-Sep-20,,,,,29-Aug-20
Nathan Key,Harp,526,728,17-Jul-20,,,,,17-Jun-20
Faheem Campbell,Flute,683,508,22-Feb-20,,,,,23-Jan-20
Nabil Soto,Piano,990,712,07-Nov-20,,,,,08-Oct-20
Jill Hilton,Violin,731,569,16-Dec-20,,,,,16-Nov-20
Sufyaan Preston,Flute,649,1122,14-May-20,,,,,14-Apr-20
Hettie Austin,Piano,899,500,20-Dec-20,,,,,20-Nov-20
Isobella Hays,Guitar,585,593,25-Mar-20,,,,,24-Feb-20
Iona Anderson,Trumpet,837,1008,06-Jul-20,,,,,06-Jun-20
Anil Palacios,Clarinet,947,563,01-Dec-20,,,,,01-Nov-20
Juan Griffin,Flute,952,650,03-May-20,,,,,03-Apr-20
Massimo Laing,Drums,965,517,01-Jul-20,,,,,01-Jun-20
Abdullahi Neville,Clarinet,797,899,09-May-20,,,,,09-Apr-20
Maxime Wise,Harp,777,928,06-Jul-20,,,,,06-Jun-20
Greg Valdez,Cello,623,956,16-Apr-20,,,,,17-Mar-20
Haleemah Randall,Harp,563,675,02-Jul-20,,,,,02-Jun-20
Ikra Handley,Harp,769,650,24-May-20,,,,,24-Apr-20
Farrah Bird,Violin,525,609,25-Sep-20,,,,,26-Aug-20
Ashlyn Peacock,Cello,900,613,20-Sep-20,,,,,21-Aug-20
Emillie Branch,Flute,898,1137,27-Sep-20,,,,,28-Aug-20
Cataleya Michael,Trumpet,579,566,19-Apr-20,,,,,20-Mar-20
